{'position_time': '2017-10-26', 'position_name': '15618-项目经理（上海）', 'position_location': '上海', 'position_link': 'position_detail.php?id=33746&keywords=&tid=0&lid=0', 'position_number': '1', 'position_cate': '产品/项目类'}
{'position_time': '2017-10-26', 'position_name': 'TEG02-机器学习工程师（深圳）', 'position_location': '深圳', 'position_link': 'position_detail.php?id=33755&keywords=&tid=0&lid=0', 'position_number': '1', 'position_cate': '技术类'}
{'position_time': '2017-10-26', 'position_name': 'HY2-大数据开发工程师（深圳）', 'position_location': '深圳', 'position_link': 'position_detail.php?id=32608&keywords=&tid=0&lid=0', 'position_number': '1', 'position_cate': '技术类'}
{'position_time': '2017-10-26', 'position_name': 'MIG03-浏览器购物视觉设计师', 'position_location': '深圳', 'position_link': 'position_detail.php?id=33749&keywords=&tid=0&lid=0', 'position_number': '1', 'position_cate': '设计类'}
{'position_time': '2017-10-26', 'position_name': 'SNG10-UI工程师/前端开发工程师(深圳）', 'position_location': '深圳', 'position_link': 'position_detail.php?id=33259&keywords=&tid=0&lid=0', 'position_number': '3', 'position_cate': '设计类'}
{'position_time': '2017-10-26', 'position_name': '23048-iOS&MacOS 研发工程师（北京）', 'position_location': '北京', 'position_link': 'position_detail.php?id=33744&keywords=&tid=0&lid=0', 'position_number': '1', 'position_cate': '技术类'}
{'position_time': '2017-10-26', 'position_name': '22990-战略BD经理（上海）', 'position_location': '上海', 'position_link': 'position_detail.php?id=33742&keywords=&tid=0&lid=0', 'position_number': '1', 'position_cate': '市场类'}
{'position_time': '2017-10-26', 'position_name': '22990-腾讯云创投生态BD经理（北京）', 'position_location': '北京', 'position_link': 'position_detail.php?id=33743&keywords=&tid=0&lid=0', 'position_number': '1', 'position_cate': '市场类'}
{'position_time': '2017-10-26', 'position_name': '22989-腾讯云中间件高级后台开发工程师（深圳）', 'position_location': '深圳', 'position_link': 'position_detail.php?id=33741&keywords=&tid=0&lid=0', 'position_number': '1', 'position_cate': '技术类'}
{'position_time': '2017-10-26', 'position_name': 'MIG09-QQ浏览器产品运营经理（北京）', 'position_location': '北京', 'position_link': 'position_detail.php?id=33740&keywords=&tid=0&lid=0', 'position_number': '1', 'position_cate': '产品/项目类'}
{'position_time': '2017-10-26', 'position_name': '18797-高级项目经理（深圳）', 'position_location': '深圳', 'position_link': 'position_detail.php?id=33711&keywords=&tid=0&lid=0', 'position_number': '1', 'position_cate': '产品/项目类'}
{'position_time': '2017-10-26', 'position_name': '22968-本土日化服饰用品组长（上海）', 'position_location': '上海', 'position_link': 'position_detail.php?id=33708&keywords=&tid=0&lid=0', 'position_number': '1', 'position_cate': '市场类'}
{'position_time': '2017-10-26', 'position_name': '22989-腾讯云资源成本数据运营（深圳）', 'position_location': '深圳', 'position_link': 'position_detail.php?id=33710&keywords=&tid=0&lid=0', 'position_number': '1', 'position_cate': '产品/项目类'}
{'position_time': '2017-10-26', 'position_name': '15579-游戏后台开发工程师（深圳）', 'position_location': '深圳', 'position_link': 'position_detail.php?id=33705&keywords=&tid=0&lid=0', 'position_number': '2', 'position_cate': '技术类'}
{'position_time': '2017-10-26', 'position_name': 'MIG16-自动驾驶产品经理(北京)', 'position_location': '北京', 'position_link': 'position_detail.php?id=33592&keywords=&tid=0&lid=0', 'position_number': '1', 'position_cate': '产品/项目类'}
{'position_time': '2017-10-26', 'position_name': 'MIG16-自动驾驶机器人后台开发工程师(北京)', 'position_location': '北京', 'position_link': 'position_detail.php?id=33591&keywords=&tid=0&lid=0', 'position_number': '1', 'position_cate': '技术类'}
{'position_time': '2017-10-26', 'position_name': 'MIG16-自动驾驶模拟仿真工程师(北京)', 'position_location': '北京', 'position_link': 'position_detail.php?id=33593&keywords=&tid=0&lid=0', 'position_number': '1', 'position_cate': '技术类'}
{'position_time': '2017-10-26', 'position_name': 'MIG16-自动驾驶协调控制工程师(北京)', 'position_location': '北京', 'position_link': 'position_detail.php?id=33594&keywords=&tid=0&lid=0', 'position_number': '1', 'position_cate': '技术类'}
{'position_time': '2017-10-26', 'position_name': 'MIG16-自动驾驶数据平台基础架构工程师(北京)', 'position_location': '北京', 'position_link': 'position_detail.php?id=33595&keywords=&tid=0&lid=0', 'position_number': '1', 'position_cate': '技术类'}
{'position_time': '2017-10-26', 'position_name': 'MIG16-自动驾驶高精地图-工具研发(北京)', 'position_location': '北京', 'position_link': 'position_detail.php?id=33596&keywords=&tid=0&lid=0', 'position_number': '1', 'position_cate': '技术类'}
{'position_time': '2017-10-26', 'position_name': '18796-《掌上英雄联盟》IOS移动客户端开发（深圳）', 'position_location': '深圳', 'position_link': 'position_detail.php?id=30102&keywords=&tid=0&lid=0', 'position_number': '1', 'position_cate': '技术类'}
{'position_time': '2017-10-26', 'position_name': '18428-金融应用高级运维工程师（深圳）', 'position_location': '深圳', 'position_link': 'position_detail.php?id=31802&keywords=&tid=0&lid=0', 'position_number': '1', 'position_cate': '技术类'}
{'position_time': '2017-10-26', 'position_name': 'MIG01-数据工程师', 'position_location': '深圳', 'position_link': 'position_detail.php?id=31749&keywords=&tid=0&lid=0', 'position_number': '1', 'position_cate': '技术类'}
{'position_time': '2017-10-26', 'position_name': '23295-互娱社区产品运营经理（深圳）', 'position_location': '深圳', 'position_link': 'position_detail.php?id=30081&keywords=&tid=0&lid=0', 'position_number': '3', 'position_cate': '产品/项目类'}
{'position_time': '2017-10-26', 'position_name': '23293-互娱王者荣耀高级品牌经理（深圳）', 'position_location': '深圳', 'position_link': 'position_detail.php?id=30080&keywords=&tid=0&lid=0', 'position_number': '1', 'position_cate': '市场类'}
{'position_time': '2017-10-26', 'position_name': '23671-企鹅号渠道服务', 'position_location': '北京', 'position_link': 'position_detail.php?id=33718&keywords=&tid=0&lid=0', 'position_number': '2', 'position_cate': '内容编辑类'}
{'position_time': '2017-10-26', 'position_name': 'MIG16-自动驾驶机器人-导航算法(北京)', 'position_location': '北京', 'position_link': 'position_detail.php?id=33597&keywords=&tid=0&lid=0', 'position_number': '1', 'position_cate': '技术类'}
{'position_time': '2017-10-26', 'position_name': 'MIG16-自动驾驶机器人SLAM算法工程师(北京)', 'position_location': '北京', 'position_link': 'position_detail.php?id=33598&keywords=&tid=0&lid=0', 'position_number': '1', 'position_cate': '技术类'}
{'position_time': '2017-10-26', 'position_name': 'MIG16-自动驾驶融合感知(北京)', 'position_location': '北京', 'position_link': 'position_detail.php?id=33599&keywords=&tid=0&lid=0', 'position_number': '1', 'position_cate': '技术类'}
{'position_time': '2017-10-26', 'position_name': 'MIG16-自动驾驶深度学习(北京)', 'position_location': '北京', 'position_link': 'position_detail.php?id=33600&keywords=&tid=0&lid=0', 'position_number': '1', 'position_cate': '技术类'}
{'position_time': '2017-10-26', 'position_name': 'MIG16-自动驾驶融合定位(北京)', 'position_location': '北京', 'position_link': 'position_detail.php?id=33601&keywords=&tid=0&lid=0', 'position_number': '1', 'position_cate': '技术类'}
{'position_time': '2017-10-26', 'position_name': 'SA-腾讯社交广告效果领域行业市场经理（北京）', 'position_location': '北京', 'position_link': 'position_detail.php?id=33630&keywords=&tid=0&lid=0', 'position_number': '1', 'position_cate': '市场类'}
{'position_time': '2017-10-26', 'position_name': '15573-写实风格2D原画师（上海）', 'position_location': '上海', 'position_link': 'position_detail.php?id=29426&keywords=&tid=0&lid=0', 'position_number': '1', 'position_cate': '设计类'}
{'position_time': '2017-10-26', 'position_name': 'S2-高级财务分析经理 （深圳）', 'position_location': '深圳', 'position_link': 'position_detail.php?id=33726&keywords=&tid=0&lid=0', 'position_number': '1', 'position_cate': '职能类'}
{'position_time': '2017-10-26', 'position_name': 'MIG16-手机地图web前端开发（北京）', 'position_location': '北京', 'position_link': 'position_detail.php?id=32719&keywords=&tid=0&lid=0', 'position_number': '1', 'position_cate': '技术类'}
{'position_time': '2017-10-26', 'position_name': 'SNG02-视频云Android开发工程师（深圳）', 'position_location': '深圳', 'position_link': 'position_detail.php?id=32532&keywords=&tid=0&lid=0', 'position_number': '2', 'position_cate': '技术类'}
{'position_time': '2017-10-26', 'position_name': 'TEG11-高级后台开发工程师（北京）', 'position_location': '北京', 'position_link': 'position_detail.php?id=27410&keywords=&tid=0&lid=0', 'position_number': '3', 'position_cate': '技术类'}
{'position_time': '2017-10-26', 'position_name': 'SNG10-用户研究中心总监（深圳）', 'position_location': '深圳', 'position_link': 'position_detail.php?id=31828&keywords=&tid=0&lid=0', 'position_number': '1', 'position_cate': ''}
{'position_time': '2017-10-26', 'position_name': '22086-腾讯体育会员运营（用户及活动方向）', 'position_location': '北京', 'position_link': 'position_detail.php?id=32553&keywords=&tid=0&lid=0', 'position_number': '2', 'position_cate': '市场类'}
{'position_time': '2017-10-26', 'position_name': '22086-腾讯体育会员渠道运营(北京）', 'position_location': '北京', 'position_link': 'position_detail.php?id=32554&keywords=&tid=0&lid=0', 'position_number': '1', 'position_cate': '市场类'}
{'position_time': '2017-10-26', 'position_name': 'S2-Accounting Manager（Hong Kong）', 'position_location': '香港', 'position_link': 'position_detail.php?id=33725&keywords=&tid=0&lid=0', 'position_number': '1', 'position_cate': '职能类'}
{'position_time': '2017-10-26', 'position_name': 'SNG16-全民K歌造星经纪人（深圳）', 'position_location': '深圳', 'position_link': 'position_detail.php?id=33745&keywords=&tid=0&lid=0', 'position_number': '1', 'position_cate': '产品/项目类'}
{'position_time': '2017-10-26', 'position_name': 'SNG16-全民K歌直播营收产品策划（深圳）', 'position_location': '深圳', 'position_link': 'position_detail.php?id=33732&keywords=&tid=0&lid=0', 'position_number': '1', 'position_cate': '产品/项目类'}
{'position_time': '2017-10-26', 'position_name': 'SNG16-腾讯音乐IOS质量测试工程师（深圳）', 'position_location': '深圳', 'position_link': 'position_detail.php?id=33724&keywords=&tid=0&lid=0', 'position_number': '1', 'position_cate': '技术类'}
{'position_time': '2017-10-26', 'position_name': 'SNG16-腾讯音乐后台质量测试工程师（深圳）', 'position_location': '深圳', 'position_link': 'position_detail.php?id=33723&keywords=&tid=0&lid=0', 'position_number': '1', 'position_cate': '技术类'}
{'position_time': '2017-10-26', 'position_name': 'SNG16-腾讯音乐Web质量测试工程师（深圳）', 'position_location': '深圳', 'position_link': 'position_detail.php?id=33722&keywords=&tid=0&lid=0', 'position_number': '1', 'position_cate': '技术类'}
{'position_time': '2017-07-31', 'position_name': '22990-行业策略规划岗（深圳）', 'position_location': '深圳', 'position_link': 'position_detail.php?id=31776&keywords=&tid=0&lid=0', 'position_number': '1', 'position_cate': '市场类'}
{'position_time': '2017-07-31', 'position_name': 'S2-投资公司管理经理（北京）', 'position_location': '北京', 'position_link': 'position_detail.php?id=31753&keywords=&tid=0&lid=0', 'position_number': '1', 'position_cate': '职能类'}
{'position_time': '2017-07-31', 'position_name': '21530-腾讯音乐薪酬经理（深圳）', 'position_location': '深圳', 'position_link': 'position_detail.php?id=31782&keywords=&tid=0&lid=0', 'position_number': '1', 'position_cate': '职能类'}
{'position_time': '2013-11-13', 'position_name': 'SD10-FPS俄语游戏海外PM(深圳)', 'position_location': '深圳', 'position_link': 'position_detail.php?id=9587&keywords=&tid=0&lid=0', 'position_number': '1', 'position_cate': '产品/项目类'}
{'position_time': '2017-10-26', 'position_name': 'MIG09-QQ浏览器内容策略高级产品经理（北京）', 'position_location': '北京', 'position_link': 'position_detail.php?id=33739&keywords=&tid=0&lid=0', 'position_number': '1', 'position_cate': '产品/项目类'}
{'position_time': '2017-10-26', 'position_name': 'SA-腾讯社交广告KA渠道运营经理（上海）', 'position_location': '上海', 'position_link': 'position_detail.php?id=33738&keywords=&tid=0&lid=0', 'position_number': '2', 'position_cate': '产品/项目类'}
{'position_time': '2017-10-26', 'position_name': 'SA-腾迅社交广告KA渠道运营经理（北京）', 'position_location': '北京', 'position_link': 'position_detail.php?id=33737&keywords=&tid=0&lid=0', 'position_number': '1', 'position_cate': '产品/项目类'}
{'position_time': '2017-10-26', 'position_name': 'MIG16-导航数据项目经理（北京）', 'position_location': '北京', 'position_link': 'position_detail.php?id=33734&keywords=&tid=0&lid=0', 'position_number': '2', 'position_cate': '产品/项目类'}
{'position_time': '2017-10-26', 'position_name': 'MIG16-地图数据高级产品经理(北京)', 'position_location': '北京', 'position_link': 'position_detail.php?id=33735&keywords=&tid=0&lid=0', 'position_number': '1', 'position_cate': '产品/项目类'}
{'position_time': '2017-10-26', 'position_name': '23294-电竞明星经纪（深圳）', 'position_location': '深圳', 'position_link': 'position_detail.php?id=33731&keywords=&tid=0&lid=0', 'position_number': '1', 'position_cate': '市场类'}
{'position_time': '2017-10-26', 'position_name': 'S2-投资公司管理经理（深圳）', 'position_location': '深圳', 'position_link': 'position_detail.php?id=33730&keywords=&tid=0&lid=0', 'position_number': '1', 'position_cate': '职能类'}
{'position_time': '2017-10-26', 'position_name': '16811-授权业务设计师', 'position_location': '北京', 'position_link': 'position_detail.php?id=31248&keywords=&tid=0&lid=0', 'position_number': '1', 'position_cate': '设计类'}
{'position_time': '2017-10-26', 'position_name': '19835-影视高级商务经理（北京）', 'position_location': '北京', 'position_link': 'position_detail.php?id=30079&keywords=&tid=0&lid=0', 'position_number': '1', 'position_cate': '市场类'}
{'position_time': '2017-10-26', 'position_name': 'HY1-3D角色美术(上海）', 'position_location': '上海', 'position_link': 'position_detail.php?id=31788&keywords=&tid=0&lid=0', 'position_number': '1', 'position_cate': '设计类'}
{'position_time': '2017-10-26', 'position_name': '22989-政务民生交付架构师（深圳）', 'position_location': '深圳', 'position_link': 'position_detail.php?id=31837&keywords=&tid=0&lid=0', 'position_number': '2', 'position_cate': '技术类'}
{'position_time': '2017-10-26', 'position_name': 'SA-腾讯社交广告Java开发工程师（上海）', 'position_location': '上海', 'position_link': 'position_detail.php?id=31819&keywords=&tid=0&lid=0', 'position_number': '1', 'position_cate': '技术类'}
{'position_time': '2017-10-26', 'position_name': 'SA-腾讯社交广告算法工程师（上海）', 'position_location': '上海', 'position_link': 'position_detail.php?id=31812&keywords=&tid=0&lid=0', 'position_number': '1', 'position_cate': '技术类'}
{'position_time': '2017-10-26', 'position_name': 'SD3-网游系统策划', 'position_location': '深圳', 'position_link': 'position_detail.php?id=32557&keywords=&tid=0&lid=0', 'position_number': '1', 'position_cate': '产品/项目类'}
{'position_time': '2017-10-26', 'position_name': 'HY2-高级数据分析工程师（深圳）', 'position_location': '深圳', 'position_link': 'position_detail.php?id=30868&keywords=&tid=0&lid=0', 'position_number': '1', 'position_cate': '技术类'}
{'position_time': '2017-10-26', 'position_name': 'HY2-前端开发工程师（深圳）', 'position_location': '深圳', 'position_link': 'position_detail.php?id=31801&keywords=&tid=0&lid=0', 'position_number': '3', 'position_cate': '技术类'}
{'position_time': '2017-10-26', 'position_name': 'WXG06-331 境外支付高级海外商务经理（深圳）', 'position_location': '深圳', 'position_link': 'position_detail.php?id=31806&keywords=&tid=0&lid=0', 'position_number': '1', 'position_cate': '市场类'}
{'position_time': '2017-10-26', 'position_name': '15687-高级游戏美术师（深圳）', 'position_location': '深圳', 'position_link': 'position_detail.php?id=33717&keywords=&tid=0&lid=0', 'position_number': '1', 'position_cate': '设计类'}
{'position_time': '2017-10-26', 'position_name': 'SNG16-腾讯音乐专项测试开发岗（深圳）', 'position_location': '深圳', 'position_link': 'position_detail.php?id=33721&keywords=&tid=0&lid=0', 'position_number': '1', 'position_cate': '技术类'}
{'position_time': '2017-10-26', 'position_name': '22989-腾讯云资源管理规划工程师(深圳)', 'position_location': '深圳', 'position_link': 'position_detail.php?id=33713&keywords=&tid=0&lid=0', 'position_number': '2', 'position_cate': '技术类'}
{'position_time': '2017-10-26', 'position_name': '22989-云平台PHP开发工程师（深圳）', 'position_location': '深圳', 'position_link': 'position_detail.php?id=33714&keywords=&tid=0&lid=0', 'position_number': '2', 'position_cate': '技术类'}
{'position_time': '2017-10-26', 'position_name': '22851-电视剧内容评估（北京）', 'position_location': '北京', 'position_link': 'position_detail.php?id=33728&keywords=&tid=0&lid=0', 'position_number': '1', 'position_cate': '内容编辑类'}
{'position_time': '2017-10-26', 'position_name': '21482-KPL赛事造星内容运营经理（深圳）', 'position_location': '深圳', 'position_link': 'position_detail.php?id=33729&keywords=&tid=0&lid=0', 'position_number': '1', 'position_cate': '产品/项目类'}
{'position_time': '2017-10-26', 'position_name': '21482-电竞明星经纪经理（深圳）', 'position_location': '深圳', 'position_link': 'position_detail.php?id=33727&keywords=&tid=0&lid=0', 'position_number': '1', 'position_cate': '市场类'}
{'position_time': '2017-10-26', 'position_name': 'WXG07-211 企业微信产品运营经理（广州）', 'position_location': '广州', 'position_link': 'position_detail.php?id=32820&keywords=&tid=0&lid=0', 'position_number': '1', 'position_cate': '内容编辑类'}
{'position_time': '2017-10-26', 'position_name': 'HY2-大数据运维工程师（深圳）', 'position_location': '深圳', 'position_link': 'position_detail.php?id=33757&keywords=&tid=0&lid=0', 'position_number': '1', 'position_cate': '技术类'}
{'position_time': '2017-10-26', 'position_name': 'TEG02-系统运维工程师', 'position_location': '深圳', 'position_link': 'position_detail.php?id=33756&keywords=&tid=0&lid=0', 'position_number': '1', 'position_cate': '技术类'}
{'position_time': '2017-10-26', 'position_name': 'TEG02-运营开发工程师（深圳）', 'position_location': '深圳', 'position_link': 'position_detail.php?id=33754&keywords=&tid=0&lid=0', 'position_number': '1', 'position_cate': '技术类'}
{'position_time': '2017-10-26', 'position_name': '23672-腾讯娱乐视频内容运营（北京）', 'position_location': '北京', 'position_link': 'position_detail.php?id=33753&keywords=&tid=0&lid=0', 'position_number': '1', 'position_cate': '内容编辑类'}
{'position_time': '2017-10-26', 'position_name': '23672-腾讯娱乐节目制片人（北京）', 'position_location': '北京', 'position_link': 'position_detail.php?id=33752&keywords=&tid=0&lid=0', 'position_number': '1', 'position_cate': '产品/项目类'}
{'position_time': '2017-10-26', 'position_name': 'SNG16-全民K歌内容运营经理（深圳）', 'position_location': '深圳', 'position_link': 'position_detail.php?id=33751&keywords=&tid=0&lid=0', 'position_number': '1', 'position_cate': '内容编辑类'}
{'position_time': '2017-10-26', 'position_name': 'SNG16-项目经理（深圳）', 'position_location': '深圳', 'position_link': 'position_detail.php?id=33750&keywords=&tid=0&lid=0', 'position_number': '1', 'position_cate': '产品/项目类'}
{'position_time': '2017-10-26', 'position_name': '15614-大型网络游戏版本管理（上海）', 'position_location': '上海', 'position_link': 'position_detail.php?id=33747&keywords=&tid=0&lid=0', 'position_number': '1', 'position_cate': '产品/项目类'}
{'position_time': '2017-10-26', 'position_name': '15614-大型网络游戏版本管理（上海）', 'position_location': '上海', 'position_link': 'position_detail.php?id=33748&keywords=&tid=0&lid=0', 'position_number': '1', 'position_cate': '产品/项目类'}
{'position_time': '2017-08-03', 'position_name': 'OMG064-产品商务拓展经理（上海）', 'position_location': '上海', 'position_link': 'position_detail.php?id=31848&keywords=&tid=0&lid=0', 'position_number': '1', 'position_cate': '产品/项目类'}
{'position_time': '2017-08-03', 'position_name': '15575-天美L1手游角色原画高级设计师（成都）', 'position_location': '成都', 'position_link': 'position_detail.php?id=31844&keywords=&tid=0&lid=0', 'position_number': '1', 'position_cate': '设计类'}
{'position_time': '2017-08-03', 'position_name': '18796-高级商业分析经理（深圳）', 'position_location': '深圳', 'position_link': 'position_detail.php?id=31840&keywords=&tid=0&lid=0', 'position_number': '1', 'position_cate': '市场类'}
{'position_time': '2017-08-02', 'position_name': '23048-翻译君NLP算法高级工程师(北京)', 'position_location': '北京', 'position_link': 'position_detail.php?id=31836&keywords=&tid=0&lid=0', 'position_number': '1', 'position_cate': '技术类'}
{'position_time': '2017-08-02', 'position_name': '22989-高级视频软件工程师（北京）', 'position_location': '北京', 'position_link': 'position_detail.php?id=31826&keywords=&tid=0&lid=0', 'position_number': '1', 'position_cate': '技术类'}
{'position_time': '2017-08-02', 'position_name': '22989-腾讯云大数据开发工程师', 'position_location': '深圳', 'position_link': 'position_detail.php?id=31824&keywords=&tid=0&lid=0', 'position_number': '1', 'position_cate': '技术类'}
{'position_time': '2017-08-02', 'position_name': '20016-天美手游高级测试工程师（深圳）', 'position_location': '深圳', 'position_link': 'position_detail.php?id=31816&keywords=&tid=0&lid=0', 'position_number': '1', 'position_cate': '技术类'}
{'position_time': '2017-08-02', 'position_name': 'SA-腾讯社交广告服务端PHP高级开发工程师（北京）', 'position_location': '北京', 'position_link': 'position_detail.php?id=31814&keywords=&tid=0&lid=0', 'position_number': '1', 'position_cate': '技术类'}
{'position_time': '2017-08-01', 'position_name': '21530-腾讯音乐集团组织发展经理（深圳）', 'position_location': '深圳', 'position_link': 'position_detail.php?id=31781&keywords=&tid=0&lid=0', 'position_number': '1', 'position_cate': '职能类'}
{'position_time': '2017-07-31', 'position_name': '22990-用户洞察及分析岗（深圳）', 'position_location': '深圳', 'position_link': 'position_detail.php?id=31777&keywords=&tid=0&lid=0', 'position_number': '1', 'position_cate': '市场类'}
{'position_time': '2017-10-25', 'position_name': 'MIG16-地图数据机器学习算法高级研发工程师（北京）', 'position_location': '北京', 'position_link': 'position_detail.php?id=31079&keywords=&tid=0&lid=0', 'position_number': '1', 'position_cate': '技术类'}
{'position_time': '2017-10-25', 'position_name': 'MIG16-腾讯位置服务开放平台web前端工程师（北京）', 'position_location': '北京', 'position_link': 'position_detail.php?id=31951&keywords=&tid=0&lid=0', 'position_number': '2', 'position_cate': '技术类'}
{'position_time': '2017-10-25', 'position_name': 'MIG16-地图检索机器学习算法高级研发工程师（北京）', 'position_location': '北京', 'position_link': 'position_detail.php?id=32464&keywords=&tid=0&lid=0', 'position_number': '1', 'position_cate': '技术类'}
{'position_time': '2017-10-25', 'position_name': 'MIG16-腾讯位置服务产品经理（北京）', 'position_location': '北京', 'position_link': 'position_detail.php?id=33075&keywords=&tid=0&lid=0', 'position_number': '2', 'position_cate': '产品/项目类'}
{'position_time': '2017-10-25', 'position_name': 'MIG16-地图大数据平台开发工程师(北京)', 'position_location': '北京', 'position_link': 'position_detail.php?id=33490&keywords=&tid=0&lid=0', 'position_number': '1', 'position_cate': '技术类'}
{'position_time': '2017-10-25', 'position_name': 'MIG16-计算机视觉高级算法工程师（北京）', 'position_location': '北京', 'position_link': 'position_detail.php?id=33494&keywords=&tid=0&lid=0', 'position_number': '1', 'position_cate': '技术类'}
{'position_time': '2017-10-25', 'position_name': 'MIG16-后台高级研发工程师（北京）', 'position_location': '北京', 'position_link': 'position_detail.php?id=33571&keywords=&tid=0&lid=0', 'position_number': '1', 'position_cate': '技术类'}
{'position_time': '2017-10-25', 'position_name': 'MIG16-地图数据后台开发工程师(北京)', 'position_location': '北京', 'position_link': 'position_detail.php?id=33572&keywords=&tid=0&lid=0', 'position_number': '1', 'position_cate': '技术类'}
{'position_time': '2017-10-25', 'position_name': 'MIG16-地图高级质量工程师（北京）', 'position_location': '北京', 'position_link': 'position_detail.php?id=33582&keywords=&tid=0&lid=0', 'position_number': '2', 'position_cate': '技术类'}
{'position_time': '2017-10-25', 'position_name': 'MIG16-地图质量工程师（北京）', 'position_location': '北京', 'position_link': 'position_detail.php?id=33583&keywords=&tid=0&lid=0', 'position_number': '1', 'position_cate': '技术类'}
{'position_time': '2017-08-04', 'position_name': 'TEG09-云存储高级研发工程师（深圳）', 'position_location': '深圳', 'position_link': 'position_detail.php?id=31882&keywords=&tid=0&lid=0', 'position_number': '3', 'position_cate': '技术类'}
{'position_time': '2017-08-04', 'position_name': 'S2-高级内部控制分析师(深圳)', 'position_location': '深圳', 'position_link': 'position_detail.php?id=31914&keywords=&tid=0&lid=0', 'position_number': '1', 'position_cate': '职能类'}
{'position_time': '2017-08-04', 'position_name': 'MIG18-众创空间区域运营经理（杭州）', 'position_location': '杭州', 'position_link': 'position_detail.php?id=31909&keywords=&tid=0&lid=0', 'position_number': '1', 'position_cate': '产品/项目类'}
{'position_time': '2017-08-04', 'position_name': 'MIG18-商业化高级产品策划经理（深圳）', 'position_location': '深圳', 'position_link': 'position_detail.php?id=31908&keywords=&tid=0&lid=0', 'position_number': '1', 'position_cate': '产品/项目类'}
{'position_time': '2017-08-04', 'position_name': 'MIG06-自然语言处理研究员（深圳）', 'position_location': '深圳', 'position_link': 'position_detail.php?id=31906&keywords=&tid=0&lid=0', 'position_number': '1', 'position_cate': '技术类'}
{'position_time': '2017-08-04', 'position_name': 'MIG06-应用宝内容平台用户运营（深圳）', 'position_location': '深圳', 'position_link': 'position_detail.php?id=31905&keywords=&tid=0&lid=0', 'position_number': '1', 'position_cate': '产品/项目类'}
{'position_time': '2017-08-04', 'position_name': 'MIG18-开放平台广告算法工程师（深圳）', 'position_location': '深圳', 'position_link': 'position_detail.php?id=31901&keywords=&tid=0&lid=0', 'position_number': '1', 'position_cate': '技术类'}
{'position_time': '2017-08-04', 'position_name': 'MIG06-大数据策略产品经理（深圳）', 'position_location': '深圳', 'position_link': 'position_detail.php?id=31896&keywords=&tid=0&lid=0', 'position_number': '1', 'position_cate': '产品/项目类'}
{'position_time': '2017-08-03', 'position_name': '18302-游戏后台开发工程师（深圳）', 'position_location': '深圳', 'position_link': 'position_detail.php?id=31853&keywords=&tid=0&lid=0', 'position_number': '0', 'position_cate': '技术类'}
{'position_time': '2017-08-03', 'position_name': '17759-高级数据分析师（北京）', 'position_location': '北京', 'position_link': 'position_detail.php?id=31871&keywords=&tid=0&lid=0', 'position_number': '1', 'position_cate': '市场类'}
{'position_time': '2017-08-14', 'position_name': '21557-音视频实验室音频内核专家（深圳）', 'position_location': '深圳', 'position_link': 'position_detail.php?id=32076&keywords=&tid=0&lid=0', 'position_number': '2', 'position_cate': '技术类'}
{'position_time': '2017-08-14', 'position_name': 'GH-城市规划师', 'position_location': '深圳', 'position_link': 'position_detail.php?id=32071&keywords=&tid=0&lid=0', 'position_number': '1', 'position_cate': '职能类'}
{'position_time': '2017-08-14', 'position_name': 'SNG11-项目经理（深圳）', 'position_location': '深圳', 'position_link': 'position_detail.php?id=32067&keywords=&tid=0&lid=0', 'position_number': '1', 'position_cate': '产品/项目类'}
{'position_time': '2017-08-11', 'position_name': '23296-高级市场与用户研究经理（海外方向）(深圳)', 'position_location': '深圳', 'position_link': 'position_detail.php?id=32059&keywords=&tid=0&lid=0', 'position_number': '1', 'position_cate': '市场类'}
{'position_time': '2017-08-11', 'position_name': '18432-政府事务总监（北京）', 'position_location': '北京', 'position_link': 'position_detail.php?id=32045&keywords=&tid=0&lid=0', 'position_number': '4', 'position_cate': '职能类'}
{'position_time': '2017-08-11', 'position_name': '18432-政府事务副总监（北京)', 'position_location': '深圳', 'position_link': 'position_detail.php?id=32044&keywords=&tid=0&lid=0', 'position_number': '1', 'position_cate': '职能类'}
{'position_time': '2017-08-11', 'position_name': 'MIG04-数据分析师（深圳）', 'position_location': '深圳', 'position_link': 'position_detail.php?id=32040&keywords=&tid=0&lid=0', 'position_number': '1', 'position_cate': '技术类'}
{'position_time': '2017-08-11', 'position_name': '22990-腾讯云商业市场部-高级媒介经理（深圳）', 'position_location': '深圳', 'position_link': 'position_detail.php?id=32014&keywords=&tid=0&lid=0', 'position_number': '1', 'position_cate': ''}
{'position_time': '2017-08-11', 'position_name': '23674-新闻架构中心组长', 'position_location': '北京', 'position_link': 'position_detail.php?id=32043&keywords=&tid=0&lid=0', 'position_number': '1', 'position_cate': '技术类'}
{'position_time': '2017-08-11', 'position_name': 'SNG16-QQ音乐广告产品高级策划（深圳）', 'position_location': '深圳', 'position_link': 'position_detail.php?id=32041&keywords=&tid=0&lid=0', 'position_number': '0', 'position_cate': '产品/项目类'}
{'position_time': '2017-08-09', 'position_name': '18797-高级项目经理（深圳）', 'position_location': '深圳', 'position_link': 'position_detail.php?id=31969&keywords=&tid=0&lid=0', 'position_number': '1', 'position_cate': '产品/项目类'}
{'position_time': '2017-08-09', 'position_name': 'TEG07-CDC高级视觉设计师（深圳）', 'position_location': '深圳', 'position_link': 'position_detail.php?id=31932&keywords=&tid=0&lid=0', 'position_number': '4', 'position_cate': '设计类'}
{'position_time': '2017-08-09', 'position_name': '14914-整合传播公关经理（深圳）', 'position_location': '深圳', 'position_link': 'position_detail.php?id=31964&keywords=&tid=0&lid=0', 'position_number': '1', 'position_cate': ''}
{'position_time': '2017-08-09', 'position_name': '15687-技术美术', 'position_location': '深圳', 'position_link': 'position_detail.php?id=31961&keywords=&tid=0&lid=0', 'position_number': '2', 'position_cate': '设计类'}
{'position_time': '2017-08-09', 'position_name': 'SNG11-数据安全leader（深圳）', 'position_location': '深圳', 'position_link': 'position_detail.php?id=31959&keywords=&tid=0&lid=0', 'position_number': '1', 'position_cate': '技术类'}
{'position_time': '2017-08-09', 'position_name': '22989-腾讯云平台后台高级工程师（深圳）', 'position_location': '深圳', 'position_link': 'position_detail.php?id=31953&keywords=&tid=0&lid=0', 'position_number': '1', 'position_cate': '技术类'}
{'position_time': '2017-08-09', 'position_name': '20777-金融合作经理', 'position_location': '深圳', 'position_link': 'position_detail.php?id=31952&keywords=&tid=0&lid=0', 'position_number': '1', 'position_cate': '产品/项目类'}
{'position_time': '2017-08-08', 'position_name': 'MIG06-平台策划产品经理（深圳）', 'position_location': '深圳', 'position_link': 'position_detail.php?id=31962&keywords=&tid=0&lid=0', 'position_number': '1', 'position_cate': '产品/项目类'}
{'position_time': '2017-08-07', 'position_name': '23294-高级产品经理（深圳）', 'position_location': '深圳', 'position_link': 'position_detail.php?id=31929&keywords=&tid=0&lid=0', 'position_number': '1', 'position_cate': '产品/项目类'}
{'position_time': '2017-08-07', 'position_name': '23295-腾讯游戏内部广告投放系统后台开发（深圳）', 'position_location': '深圳', 'position_link': 'position_detail.php?id=31921&keywords=&tid=0&lid=0', 'position_number': '1', 'position_cate': '技术类'}
{'position_time': '2017-08-07', 'position_name': '21062-高级游戏开发技术专家/技术研发总监 （深圳）', 'position_location': '深圳', 'position_link': 'position_detail.php?id=31919&keywords=&tid=0&lid=0', 'position_number': '1', 'position_cate': '技术类'}
{'position_time': '2017-08-07', 'position_name': '19881-海外游戏版本管理（深圳）', 'position_location': '深圳', 'position_link': 'position_detail.php?id=31913&keywords=&tid=0&lid=0', 'position_number': '1', 'position_cate': '产品/项目类'}
{'position_time': '2017-08-07', 'position_name': 'HGJ-Legal Counsel / Commercial Counsel', 'position_location': '美国', 'position_link': 'position_detail.php?id=31887&keywords=&tid=0&lid=0', 'position_number': '1', 'position_cate': '职能类'}
{'position_time': '2017-08-06', 'position_name': '16175-高级后台开发工程师', 'position_location': '深圳', 'position_link': 'position_detail.php?id=31915&keywords=&tid=0&lid=0', 'position_number': '1', 'position_cate': '技术类'}
{'position_time': '2017-08-04', 'position_name': 'TEG03-PHP应用开发高级工程师（深圳）', 'position_location': '深圳', 'position_link': 'position_detail.php?id=31899&keywords=&tid=0&lid=0', 'position_number': '2', 'position_cate': '技术类'}
{'position_time': '2017-08-04', 'position_name': '22989-腾讯云CDN高级研发工程师（大数据方向）（深圳）', 'position_location': '深圳', 'position_link': 'position_detail.php?id=31890&keywords=&tid=0&lid=0', 'position_number': '1', 'position_cate': '技术类'}
{'position_time': '2017-08-04', 'position_name': 'TEG14-云存储研发工程师（深圳）', 'position_location': '深圳', 'position_link': 'position_detail.php?id=31889&keywords=&tid=0&lid=0', 'position_number': '4', 'position_cate': '技术类'}
{'position_time': '2017-08-04', 'position_name': '15581-欢乐游戏美术3D动画特效设计师（深圳）', 'position_location': '深圳', 'position_link': 'position_detail.php?id=31885&keywords=&tid=0&lid=0', 'position_number': '1', 'position_cate': '设计类'}
{'position_time': '2017-08-15', 'position_name': '22989-大数据与人工智能运维工程师（深圳/成都）', 'position_location': '深圳', 'position_link': 'position_detail.php?id=32106&keywords=&tid=0&lid=0', 'position_number': '2', 'position_cate': '技术类'}
{'position_time': '2017-08-15', 'position_name': '22990-腾讯云渠道经理（深圳）', 'position_location': '深圳', 'position_link': 'position_detail.php?id=32105&keywords=&tid=0&lid=0', 'position_number': '2', 'position_cate': '市场类'}
{'position_time': '2017-08-15', 'position_name': '17759-腾讯视频渠道运营经理', 'position_location': '北京', 'position_link': 'position_detail.php?id=32107&keywords=&tid=0&lid=0', 'position_number': '0', 'position_cate': '市场类'}
{'position_time': '2017-08-14', 'position_name': '15575-《王者荣耀》3D场景资深设计师（成都）', 'position_location': '成都', 'position_link': 'position_detail.php?id=32099&keywords=&tid=0&lid=0', 'position_number': '1', 'position_cate': '设计类'}
{'position_time': '2017-08-14', 'position_name': '18432-资产证券化产品组组长', 'position_location': '深圳', 'position_link': 'position_detail.php?id=32097&keywords=&tid=0&lid=0', 'position_number': '1', 'position_cate': '产品/项目类'}
{'position_time': '2017-08-14', 'position_name': '22989-腾讯云CDN后台开发高级工程师（深圳）', 'position_location': '深圳', 'position_link': 'position_detail.php?id=32083&keywords=&tid=0&lid=0', 'position_number': '0', 'position_cate': '技术类'}
{'position_time': '2017-08-14', 'position_name': 'HY2-数据分析开发师（深圳）', 'position_location': '深圳', 'position_link': 'position_detail.php?id=32079&keywords=&tid=0&lid=0', 'position_number': '2', 'position_cate': '技术类'}
{'position_time': '2017-08-14', 'position_name': '21557-音视频实验室视频网络专家（深圳）', 'position_location': '深圳', 'position_link': 'position_detail.php?id=32078&keywords=&tid=0&lid=0', 'position_number': '2', 'position_cate': '技术类'}
{'position_time': '2017-08-14', 'position_name': '21557-音视频实验室音频算法专家（深圳）', 'position_location': '深圳', 'position_link': 'position_detail.php?id=32077&keywords=&tid=0&lid=0', 'position_number': '2', 'position_cate': '技术类'}
{'position_time': '2017-08-14', 'position_name': '22990-渠道销售经理（武汉）', 'position_location': '武汉', 'position_link': 'position_detail.php?id=32075&keywords=&tid=0&lid=0', 'position_number': '1', 'position_cate': '市场类'}
{'position_time': '2017-08-07', 'position_name': 'SNG16-商业拓展经理（上海）', 'position_location': '上海', 'position_link': 'position_detail.php?id=31940&keywords=&tid=0&lid=0', 'position_number': '1', 'position_cate': '市场类'}
{'position_time': '2017-08-07', 'position_name': '15616-高级原画设计师（上海）', 'position_location': '上海', 'position_link': 'position_detail.php?id=31933&keywords=&tid=0&lid=0', 'position_number': '1', 'position_cate': '设计类'}
{'position_time': '2017-08-11', 'position_name': '20764-高级政府事务经理', 'position_location': '北京', 'position_link': 'position_detail.php?id=32039&keywords=&tid=0&lid=0', 'position_number': '1', 'position_cate': '职能类'}
{'position_time': '2017-08-10', 'position_name': 'GH-高级测试工程师', 'position_location': '深圳', 'position_link': 'position_detail.php?id=32023&keywords=&tid=0&lid=0', 'position_number': '1', 'position_cate': '技术类'}
{'position_time': '2017-08-10', 'position_name': 'GH-高级运维工程师', 'position_location': '深圳', 'position_link': 'position_detail.php?id=32021&keywords=&tid=0&lid=0', 'position_number': '1', 'position_cate': '技术类'}
{'position_time': '2017-08-10', 'position_name': 'GH-高级Java 后台开发工程师', 'position_location': '深圳', 'position_link': 'position_detail.php?id=32018&keywords=&tid=0&lid=0', 'position_number': '1', 'position_cate': '技术类'}
{'position_time': '2017-08-10', 'position_name': '15614-MMORPG系统策划师（上海）', 'position_location': '上海', 'position_link': 'position_detail.php?id=32004&keywords=&tid=0&lid=0', 'position_number': '1', 'position_cate': '产品/项目类'}
{'position_time': '2017-08-10', 'position_name': '22989-腾讯云计费平台高级工程师（深圳）', 'position_location': '深圳', 'position_link': 'position_detail.php?id=31990&keywords=&tid=0&lid=0', 'position_number': '2', 'position_cate': '技术类'}
{'position_time': '2017-08-09', 'position_name': '22989-腾讯云网络产品中心前端组leader（深圳）', 'position_location': '深圳', 'position_link': 'position_detail.php?id=31981&keywords=&tid=0&lid=0', 'position_number': '1', 'position_cate': '技术类'}
{'position_time': '2017-08-09', 'position_name': '18302-新动作手游高级文学策划（深圳）', 'position_location': '深圳', 'position_link': 'position_detail.php?id=31977&keywords=&tid=0&lid=0', 'position_number': '1', 'position_cate': '产品/项目类'}
{'position_time': '2017-08-09', 'position_name': '15602-卡牌游戏数值策划', 'position_location': '深圳', 'position_link': 'position_detail.php?id=31972&keywords=&tid=0&lid=0', 'position_number': '1', 'position_cate': '产品/项目类'}
{'position_time': '2017-08-09', 'position_name': '15602-MMO游戏数值策划', 'position_location': '深圳', 'position_link': 'position_detail.php?id=31971&keywords=&tid=0&lid=0', 'position_number': '1', 'position_cate': '产品/项目类'}
{'position_time': '2017-10-25', 'position_name': '19116-互联网+行业高级产品策划经理（AI方向）(深圳)', 'position_location': '深圳', 'position_link': 'position_detail.php?id=32964&keywords=&tid=0&lid=0', 'position_number': '1', 'position_cate': '产品/项目类'}
{'position_time': '2017-10-25', 'position_name': 'HY1-高级移动视频开发工程师', 'position_location': '深圳', 'position_link': 'position_detail.php?id=33363&keywords=&tid=0&lid=0', 'position_number': '1', 'position_cate': '技术类'}
{'position_time': '2017-10-25', 'position_name': '15571-unity客户端开发工程师（深圳）', 'position_location': '深圳', 'position_link': 'position_detail.php?id=33263&keywords=&tid=0&lid=0', 'position_number': '1', 'position_cate': '技术类'}
{'position_time': '2017-10-25', 'position_name': 'SA-腾讯社交广告SMB行业运营经理（深圳）', 'position_location': '深圳', 'position_link': 'position_detail.php?id=29673&keywords=&tid=0&lid=0', 'position_number': '3', 'position_cate': '市场类'}
{'position_time': '2017-10-25', 'position_name': 'SA-腾讯社交广告SMB行业运营经理（北京）', 'position_location': '北京', 'position_link': 'position_detail.php?id=29674&keywords=&tid=0&lid=0', 'position_number': '3', 'position_cate': '市场类'}
{'position_time': '2017-10-25', 'position_name': '营销活动经理', 'position_location': '北京', 'position_link': 'position_detail.php?id=33715&keywords=&tid=0&lid=0', 'position_number': '1', 'position_cate': '市场类'}
{'position_time': '2017-10-25', 'position_name': 'OMG097-腾讯视频业务运维（深圳）', 'position_location': '深圳', 'position_link': 'position_detail.php?id=32536&keywords=&tid=0&lid=0', 'position_number': '1', 'position_cate': '技术类'}
{'position_time': '2017-10-25', 'position_name': 'WXG06-113 微信支付事务型开发工程师(深圳)', 'position_location': '深圳', 'position_link': 'position_detail.php?id=25428&keywords=&tid=0&lid=0', 'position_number': '2', 'position_cate': '技术类'}
{'position_time': '2017-10-25', 'position_name': 'MIG16-腾讯地图自然语言处理高级工程师(北京)', 'position_location': '北京', 'position_link': 'position_detail.php?id=29867&keywords=&tid=0&lid=0', 'position_number': '1', 'position_cate': '技术类'}
{'position_time': '2017-10-25', 'position_name': 'MIG16-地图数据工艺产品经理(北京)', 'position_location': '北京', 'position_link': 'position_detail.php?id=29882&keywords=&tid=0&lid=0', 'position_number': '1', 'position_cate': '产品/项目类'}
{'position_time': '2017-10-26', 'position_name': 'SA-腾讯社交广告系统后台开发高级工程师（深圳）', 'position_location': '深圳', 'position_link': 'position_detail.php?id=31810&keywords=&tid=0&lid=0', 'position_number': '3', 'position_cate': '技术类'}
{'position_time': '2017-10-26', 'position_name': 'MIG09-QQ浏览器社区前端开发工程师', 'position_location': '深圳', 'position_link': 'position_detail.php?id=31233&keywords=&tid=0&lid=0', 'position_number': '1', 'position_cate': '技术类'}
{'position_time': '2017-10-26', 'position_name': 'SA-腾讯社交广告基础平台后台开发工程师（深圳）', 'position_location': '深圳', 'position_link': 'position_detail.php?id=31813&keywords=&tid=0&lid=0', 'position_number': '1', 'position_cate': '技术类'}
{'position_time': '2017-10-26', 'position_name': 'MIG09-资讯推荐算法高级工程师', 'position_location': '深圳', 'position_link': 'position_detail.php?id=30088&keywords=&tid=0&lid=0', 'position_number': '1', 'position_cate': '技术类'}
{'position_time': '2017-10-26', 'position_name': 'SNG16-腾讯音乐运营开发工程师（深圳）', 'position_location': '深圳', 'position_link': 'position_detail.php?id=31236&keywords=&tid=0&lid=0', 'position_number': '2', 'position_cate': '技术类'}
{'position_time': '2017-10-26', 'position_name': 'SNG16-腾讯音乐业务运维工程师（深圳）', 'position_location': '深圳', 'position_link': 'position_detail.php?id=31235&keywords=&tid=0&lid=0', 'position_number': '2', 'position_cate': '技术类'}
{'position_time': '2017-10-26', 'position_name': 'ZL-高级商业分析师(深圳)', 'position_location': '北京', 'position_link': 'position_detail.php?id=31832&keywords=&tid=0&lid=0', 'position_number': '1', 'position_cate': '市场类'}
{'position_time': '2017-10-26', 'position_name': 'ZL-商业分析经理', 'position_location': '北京', 'position_link': 'position_detail.php?id=31834&keywords=&tid=0&lid=0', 'position_number': '1', 'position_cate': '市场类'}
{'position_time': '2017-10-26', 'position_name': 'ZL-商业分析经理', 'position_location': '深圳', 'position_link': 'position_detail.php?id=31833&keywords=&tid=0&lid=0', 'position_number': '1', 'position_cate': '市场类'}
{'position_time': '2017-10-26', 'position_name': 'TB-Investment Analyst/ Sr. Analyst', 'position_location': '北京', 'position_link': 'position_detail.php?id=31822&keywords=&tid=0&lid=0', 'position_number': '1', 'position_cate': ''}
{'position_time': '2017-10-25', 'position_name': 'SA-腾讯社交广告视觉设计师（深圳）', 'position_location': '深圳', 'position_link': 'position_detail.php?id=31796&keywords=&tid=0&lid=0', 'position_number': '1', 'position_cate': '设计类'}
{'position_time': '2017-10-25', 'position_name': 'SA-腾讯社交广告电商广告产品运营经理（深圳）', 'position_location': '深圳', 'position_link': 'position_detail.php?id=29318&keywords=&tid=0&lid=0', 'position_number': '2', 'position_cate': '产品/项目类'}
{'position_time': '2017-10-25', 'position_name': 'MIG03-浏览器话题圈视觉设计师', 'position_location': '深圳', 'position_link': 'position_detail.php?id=30642&keywords=&tid=0&lid=0', 'position_number': '1', 'position_cate': '设计类'}
{'position_time': '2017-10-25', 'position_name': 'SA-腾讯社交广告产品拓展和运营经理（生态平台业务）', 'position_location': '上海', 'position_link': 'position_detail.php?id=24511&keywords=&tid=0&lid=0', 'position_number': '1', 'position_cate': '产品/项目类'}
{'position_time': '2017-10-25', 'position_name': 'ZNB-组织建设主管', 'position_location': '深圳', 'position_link': 'position_detail.php?id=30584&keywords=&tid=0&lid=0', 'position_number': '1', 'position_cate': '职能类'}
{'position_time': '2017-10-25', 'position_name': '21645-腾讯互联网金融高级法律顾问（跨境支付方向）', 'position_location': '深圳', 'position_link': 'position_detail.php?id=32521&keywords=&tid=0&lid=0', 'position_number': '2', 'position_cate': '职能类'}
{'position_time': '2017-10-25', 'position_name': 'SA-腾讯社交广告平台业务拓展经理（生态平台业务）', 'position_location': '上海', 'position_link': 'position_detail.php?id=25655&keywords=&tid=0&lid=0', 'position_number': '1', 'position_cate': '市场类'}
{'position_time': '2017-10-25', 'position_name': '15575-《王者荣耀》高级角色原画设计师（成都）', 'position_location': '成都', 'position_link': 'position_detail.php?id=30074&keywords=&tid=0&lid=0', 'position_number': '1', 'position_cate': '设计类'}
{'position_time': '2017-10-25', 'position_name': '17467-高级品牌经理（深圳）', 'position_location': '深圳', 'position_link': 'position_detail.php?id=26969&keywords=&tid=0&lid=0', 'position_number': '1', 'position_cate': '市场类'}
{'position_time': '2017-10-25', 'position_name': 'SNG17-QQ支付商务运营中心总监（深圳）', 'position_location': '深圳', 'position_link': 'position_detail.php?id=30702&keywords=&tid=0&lid=0', 'position_number': '1', 'position_cate': '产品/项目类'}
{'position_time': '2017-10-25', 'position_name': 'MIG16-地图数据高级后台工程师（北京）', 'position_location': '北京', 'position_link': 'position_detail.php?id=33589&keywords=&tid=0&lid=0', 'position_number': '1', 'position_cate': '技术类'}
{'position_time': '2017-10-25', 'position_name': 'AQ-创意制作专员', 'position_location': '深圳', 'position_link': 'position_detail.php?id=33709&keywords=&tid=0&lid=0', 'position_number': '1', 'position_cate': '职能类'}
{'position_time': '2017-10-25', 'position_name': 'MIG07-医疗类高级算法工程师', 'position_location': '深圳', 'position_link': 'position_detail.php?id=28877&keywords=&tid=0&lid=0', 'position_number': '2', 'position_cate': '技术类'}
{'position_time': '2017-10-25', 'position_name': 'OMG097-数据挖掘工程师(北京）', 'position_location': '北京', 'position_link': 'position_detail.php?id=33707&keywords=&tid=0&lid=0', 'position_number': '1', 'position_cate': '技术类'}
{'position_time': '2017-10-25', 'position_name': '22990-渠道销售经理（沈阳）', 'position_location': '沈阳', 'position_link': 'position_detail.php?id=30218&keywords=&tid=0&lid=0', 'position_number': '1', 'position_cate': '市场类'}
{'position_time': '2017-10-25', 'position_name': 'HY1-分布式数据库系统研发高级工程师（深圳）', 'position_location': '深圳', 'position_link': 'position_detail.php?id=31790&keywords=&tid=0&lid=0', 'position_number': '1', 'position_cate': '技术类'}
{'position_time': '2017-10-25', 'position_name': '23295-互娱PGC内容策划经理', 'position_location': '深圳', 'position_link': 'position_detail.php?id=27867&keywords=&tid=0&lid=0', 'position_number': '1', 'position_cate': '市场类'}
{'position_time': '2017-10-25', 'position_name': '23671-OM高级软件工程师-后台开发', 'position_location': '北京', 'position_link': 'position_detail.php?id=31050&keywords=&tid=0&lid=0', 'position_number': '4', 'position_cate': '技术类'}
{'position_time': '2017-10-25', 'position_name': '23671-Android开发高级工程师(北京）', 'position_location': '北京', 'position_link': 'position_detail.php?id=33285&keywords=&tid=0&lid=0', 'position_number': '1', 'position_cate': '技术类'}
{'position_time': '2017-10-25', 'position_name': 'HY3-互娱数据分析经理（深圳）', 'position_location': '深圳', 'position_link': 'position_detail.php?id=31746&keywords=&tid=0&lid=0', 'position_number': '1', 'position_cate': '市场类'}
{'position_time': '2017-10-25', 'position_name': '21482-王者荣耀职业联赛商业化经理（深圳）', 'position_location': '深圳', 'position_link': 'position_detail.php?id=31747&keywords=&tid=0&lid=0', 'position_number': '1', 'position_cate': '市场类'}
{'position_time': '2017-10-25', 'position_name': '21482-移动电竞内容运营（深圳）', 'position_location': '深圳', 'position_link': 'position_detail.php?id=33197&keywords=&tid=0&lid=0', 'position_number': '1', 'position_cate': '市场类'}
{'position_time': '2017-10-25', 'position_name': '17759-质量保障组主管（成都）', 'position_location': '成都', 'position_link': 'position_detail.php?id=30696&keywords=&tid=0&lid=0', 'position_number': '1', 'position_cate': '内容编辑类'}
{'position_time': '2017-10-25', 'position_name': '18425-区块链高级产品经理', 'position_location': '深圳', 'position_link': 'position_detail.php?id=33704&keywords=&tid=0&lid=0', 'position_number': '1', 'position_cate': '产品/项目类'}
{'position_time': '2017-10-25', 'position_name': 'SNG16-腾讯音乐Android高级工程师（深圳）', 'position_location': '深圳', 'position_link': 'position_detail.php?id=32729&keywords=&tid=0&lid=0', 'position_number': '2', 'position_cate': '技术类'}
{'position_time': '2017-10-25', 'position_name': '23675-投资经理（北京）', 'position_location': '北京', 'position_link': 'position_detail.php?id=32517&keywords=&tid=0&lid=0', 'position_number': '1', 'position_cate': '内容编辑类'}
{'position_time': '2017-10-25', 'position_name': 'TEG09-视频编转码高级工程师（深圳）', 'position_location': '深圳', 'position_link': 'position_detail.php?id=30678&keywords=&tid=0&lid=0', 'position_number': '1', 'position_cate': '技术类'}
{'position_time': '2017-10-25', 'position_name': 'SA-腾讯社交广告南区SMB渠道经理-咨询方向（深圳）', 'position_location': '深圳', 'position_link': 'position_detail.php?id=31793&keywords=&tid=0&lid=0', 'position_number': '1', 'position_cate': '市场类'}
{'position_time': '2017-10-25', 'position_name': 'SA-腾讯社交广告前端UI工程师（深圳）', 'position_location': '深圳', 'position_link': 'position_detail.php?id=31794&keywords=&tid=0&lid=0', 'position_number': '1', 'position_cate': '设计类'}
{'position_time': '2017-10-25', 'position_name': 'HY3-互娱战略发展经理（深圳）', 'position_location': '深圳', 'position_link': 'position_detail.php?id=30145&keywords=&tid=0&lid=0', 'position_number': '1', 'position_cate': '市场类'}
{'position_time': '2017-08-16', 'position_name': 'SA-腾讯社交广告商业运营管理分析（深圳）', 'position_location': '深圳', 'position_link': 'position_detail.php?id=32085&keywords=&tid=0&lid=0', 'position_number': '1', 'position_cate': '市场类'}
{'position_time': '2017-08-16', 'position_name': 'SA-腾讯社交广告商业运营管理高级经理（深圳）', 'position_location': '深圳', 'position_link': 'position_detail.php?id=32086&keywords=&tid=0&lid=0', 'position_number': '1', 'position_cate': '市场类'}
{'position_time': '2017-08-16', 'position_name': 'OMG148-内容运营（北京）', 'position_location': '北京', 'position_link': 'position_detail.php?id=32138&keywords=&tid=0&lid=0', 'position_number': '1', 'position_cate': '内容编辑类'}
{'position_time': '2017-08-16', 'position_name': '22989-腾讯云智能运维平台高级研发工程师（深圳）', 'position_location': '深圳', 'position_link': 'position_detail.php?id=32135&keywords=&tid=0&lid=0', 'position_number': '1', 'position_cate': '技术类'}
{'position_time': '2017-08-16', 'position_name': '23672-视频组高级编辑（北京）', 'position_location': '北京', 'position_link': 'position_detail.php?id=32128&keywords=&tid=0&lid=0', 'position_number': '1', 'position_cate': '内容编辑类'}
{'position_time': '2017-08-16', 'position_name': 'TEG09-机器学习平台研发工程师（深圳）', 'position_location': '深圳', 'position_link': 'position_detail.php?id=32124&keywords=&tid=0&lid=0', 'position_number': '1', 'position_cate': '技术类'}
{'position_time': '2017-08-16', 'position_name': 'OMG097-业务运维（北京）', 'position_location': '北京', 'position_link': 'position_detail.php?id=32116&keywords=&tid=0&lid=0', 'position_number': '1', 'position_cate': '技术类'}
{'position_time': '2017-08-15', 'position_name': '高级舆情分析师（北京）', 'position_location': '北京', 'position_link': 'position_detail.php?id=32120&keywords=&tid=0&lid=0', 'position_number': '2', 'position_cate': '职能类'}
{'position_time': '2017-08-15', 'position_name': 'S2-税务专家（BG税管）', 'position_location': '深圳', 'position_link': 'position_detail.php?id=32112&keywords=&tid=0&lid=0', 'position_number': '1', 'position_cate': '职能类'}
{'position_time': '2017-08-15', 'position_name': '22990-腾讯云政府行业渠道经理（上海）', 'position_location': '上海', 'position_link': 'position_detail.php?id=32109&keywords=&tid=0&lid=0', 'position_number': '2', 'position_cate': '市场类'}
{'position_time': '2017-08-17', 'position_name': '22850-VIP会员精细化运营经理（北京）', 'position_location': '北京', 'position_link': 'position_detail.php?id=32179&keywords=&tid=0&lid=0', 'position_number': '1', 'position_cate': '产品/项目类'}
{'position_time': '2017-08-17', 'position_name': 'AQ-行业合作经理（深圳）', 'position_location': '深圳', 'position_link': 'position_detail.php?id=32178&keywords=&tid=0&lid=0', 'position_number': '1', 'position_cate': '职能类'}
{'position_time': '2017-08-17', 'position_name': 'MIG06-AI高级产品策划经理（深圳）', 'position_location': '深圳', 'position_link': 'position_detail.php?id=32177&keywords=&tid=0&lid=0', 'position_number': '1', 'position_cate': '产品/项目类'}
{'position_time': '2017-08-17', 'position_name': 'MIG18-开放平台-应用宝后台开发工程师（深圳）', 'position_location': '深圳', 'position_link': 'position_detail.php?id=32175&keywords=&tid=0&lid=0', 'position_number': '1', 'position_cate': '技术类'}
{'position_time': '2017-08-17', 'position_name': 'TEG05-高级运维工程师（深圳）', 'position_location': '深圳', 'position_link': 'position_detail.php?id=32174&keywords=&tid=0&lid=0', 'position_number': '1', 'position_cate': '技术类'}
{'position_time': '2017-08-17', 'position_name': '23486-数据分析高级工程师（深圳）', 'position_location': '深圳', 'position_link': 'position_detail.php?id=32168&keywords=&tid=0&lid=0', 'position_number': '1', 'position_cate': '技术类'}
{'position_time': '2017-08-17', 'position_name': '21759-塔防类游戏主策划（上海）', 'position_location': '上海', 'position_link': 'position_detail.php?id=32146&keywords=&tid=0&lid=0', 'position_number': '1', 'position_cate': '产品/项目类'}
{'position_time': '2017-08-16', 'position_name': 'AQ-情报分析经理', 'position_location': '深圳', 'position_link': 'position_detail.php?id=32158&keywords=&tid=0&lid=0', 'position_number': '1', 'position_cate': '职能类'}
{'position_time': '2017-08-16', 'position_name': 'AQ-情报分析经理', 'position_location': '北京', 'position_link': 'position_detail.php?id=32157&keywords=&tid=0&lid=0', 'position_number': '1', 'position_cate': '职能类'}
{'position_time': '2017-08-16', 'position_name': '19116-互联网+解决方案架构师', 'position_location': '深圳', 'position_link': 'position_detail.php?id=32152&keywords=&tid=0&lid=0', 'position_number': '1', 'position_cate': '技术类'}
{'position_time': '2017-08-22', 'position_name': 'CDG-招聘经理（深圳）', 'position_location': '深圳', 'position_link': 'position_detail.php?id=32250&keywords=&tid=0&lid=0', 'position_number': '0', 'position_cate': '职能类'}
{'position_time': '2017-08-22', 'position_name': 'SNG06-企鹅电竞Android高级开发工程师（深圳）', 'position_location': '深圳', 'position_link': 'position_detail.php?id=32249&keywords=&tid=0&lid=0', 'position_number': '1', 'position_cate': '技术类'}
{'position_time': '2017-08-22', 'position_name': 'OMG097-容器平台运营开发高级工程师（深圳）', 'position_location': '深圳', 'position_link': 'position_detail.php?id=32115&keywords=&tid=0&lid=0', 'position_number': '1', 'position_cate': '技术类'}
{'position_time': '2017-08-21', 'position_name': '15573-SLG手游高级策划（上海）', 'position_location': '上海', 'position_link': 'position_detail.php?id=32236&keywords=&tid=0&lid=0', 'position_number': '2', 'position_cate': '产品/项目类'}
{'position_time': '2017-08-21', 'position_name': 'MIG02-战略运营经理', 'position_location': '深圳', 'position_link': 'position_detail.php?id=32232&keywords=&tid=0&lid=0', 'position_number': '1', 'position_cate': '市场类'}
{'position_time': '2017-08-21', 'position_name': '20718-算法工程师（AI语音方向）', 'position_location': '深圳', 'position_link': 'position_detail.php?id=32230&keywords=&tid=0&lid=0', 'position_number': '2', 'position_cate': '技术类'}
{'position_time': '2017-08-21', 'position_name': 'MIG09-知识图谱应用产品经理', 'position_location': '深圳', 'position_link': 'position_detail.php?id=32227&keywords=&tid=0&lid=0', 'position_number': '1', 'position_cate': '产品/项目类'}
{'position_time': '2017-08-21', 'position_name': '19081-海外音频拓展经理（深圳）', 'position_location': '深圳', 'position_link': 'position_detail.php?id=32223&keywords=&tid=0&lid=0', 'position_number': '1', 'position_cate': '市场类'}
{'position_time': '2017-08-18', 'position_name': '22989-数据库方向后台开发高级工程师（成都）', 'position_location': '成都', 'position_link': 'position_detail.php?id=32207&keywords=&tid=0&lid=0', 'position_number': '1', 'position_cate': '技术类'}
{'position_time': '2017-08-18', 'position_name': '22989-数据库方向后台开发高级工程师（北京）', 'position_location': '北京', 'position_link': 'position_detail.php?id=32206&keywords=&tid=0&lid=0', 'position_number': '1', 'position_cate': '技术类'}
{'position_time': '2017-08-18', 'position_name': '22989-数据库方向后台开发高级工程师（深圳）', 'position_location': '深圳', 'position_link': 'position_detail.php?id=32205&keywords=&tid=0&lid=0', 'position_number': '1', 'position_cate': '技术类'}
{'position_time': '2017-08-18', 'position_name': '22989-云计算研发工程师（北京）', 'position_location': '北京', 'position_link': 'position_detail.php?id=32204&keywords=&tid=0&lid=0', 'position_number': '1', 'position_cate': '技术类'}
{'position_time': '2017-08-18', 'position_name': '22989-企业业务交付架构师（上海）', 'position_location': '上海', 'position_link': 'position_detail.php?id=32201&keywords=&tid=0&lid=0', 'position_number': '1', 'position_cate': '技术类'}
{'position_time': '2017-08-18', 'position_name': '22989-企业业务交付架构师（成都）', 'position_location': '成都', 'position_link': 'position_detail.php?id=32202&keywords=&tid=0&lid=0', 'position_number': '1', 'position_cate': '技术类'}
{'position_time': '2017-08-18', 'position_name': '22989-企业业务交付架构师（北京）', 'position_location': '北京', 'position_link': 'position_detail.php?id=32200&keywords=&tid=0&lid=0', 'position_number': '1', 'position_cate': '技术类'}
{'position_time': '2017-08-18', 'position_name': '22989-企业业务交付架构师（深圳）', 'position_location': '深圳', 'position_link': 'position_detail.php?id=32199&keywords=&tid=0&lid=0', 'position_number': '1', 'position_cate': '技术类'}
{'position_time': '2017-08-18', 'position_name': '18425-国际支付业务基础开发高级工程师', 'position_location': '深圳', 'position_link': 'position_detail.php?id=32186&keywords=&tid=0&lid=0', 'position_number': '1', 'position_cate': '技术类'}
{'position_time': '2017-08-18', 'position_name': 'OMG064-Android终端高级开发工程师（上海）', 'position_location': '上海', 'position_link': 'position_detail.php?id=32183&keywords=&tid=0&lid=0', 'position_number': '1', 'position_cate': '技术类'}
{'position_time': '2017-08-21', 'position_name': '15851-后台开发工程师', 'position_location': '深圳', 'position_link': 'position_detail.php?id=32218&keywords=&tid=0&lid=0', 'position_number': '1', 'position_cate': '技术类'}
{'position_time': '2017-08-21', 'position_name': 'SNG11-腾讯云安全营销策划管理（深圳）', 'position_location': '深圳', 'position_link': 'position_detail.php?id=32213&keywords=&tid=0&lid=0', 'position_number': '1', 'position_cate': '市场类'}
